{
  "loss": [
    2.227945566177368, 1.9489823579788208, 1.8102728128433228,
    1.7016056776046753, 1.652877688407898, 1.666989803314209,
    1.5919166803359985, 1.5350923538208008, 1.5174504518508911,
    1.5017510652542114, 1.474900722503662, 1.4316083192825317,
    1.3840970993041992, 1.398871898651123, 1.3588114976882935,
    1.349568486213684, 1.3327144384384155, 1.296787142753601,
    1.2617896795272827, 1.265453577041626
  ],
  "accuracy": [
    0.18070682883262634, 0.3098466396331787, 0.3569682240486145,
    0.40497887134552, 0.4229828715324402, 0.41298067569732666,
    0.43876418471336365, 0.46321403980255127, 0.47299399971961975,
    0.47210490703582764, 0.48744165897369385, 0.4969993233680725,
    0.5241164565086365, 0.5145587921142578, 0.5321182608604431,
    0.5272282958030701, 0.5501222610473633, 0.5554567575454712,
    0.5632362961769104, 0.5547899603843689
  ],
  "val_loss": [
    2.0355613231658936, 1.8093833923339844, 1.7232903242111206,
    1.6923755407333374, 1.7030327320098877, 1.6522190570831299,
    1.6080169677734375, 1.641053318977356, 1.6434153318405151, 1.61820387840271,
    1.6000568866729736, 1.5835654735565186, 1.5530925989151, 1.5211936235427856,
    1.5691932439804077, 1.5118967294692993, 1.4963462352752686,
    1.5442970991134644, 1.5598413944244385, 1.4813013076782227
  ],
  "val_accuracy": [
    0.27000001072883606, 0.37400001287460327, 0.4300000071525574,
    0.43799999356269836, 0.43799999356269836, 0.4440000057220459,
    0.4560000002384186, 0.4699999988079071, 0.4399999976158142,
    0.44600000977516174, 0.4819999933242798, 0.4580000042915344,
    0.49000000953674316, 0.49000000953674316, 0.4819999933242798,
    0.4880000054836273, 0.49399998784065247, 0.49000000953674316,
    0.4699999988079071, 0.5199999809265137
  ]
}
